net,x_mm,y_mm,pad_mm,drill_mm,overlapping_SMD_pad
GND,133.6,100.9,0.35,0.2,R42.2
GND,137.1,104.45,0.35,0.2,U12.2
GND,137.25,99.9,0.4,0.2,U13.2
GND,135.5,91.5,0.45,0.2,U8.25
GND,135.899999,92.3,0.45,0.2,U8.25
GND,143.344,100.178,0.4,0.2,C64.2
GND,129.8,107.1,0.45,0.2,U7.25
GND,129.0,108.3,0.45,0.2,U7.25
GND,115.744,89.4,0.35,0.2,C25.2
GND,129.8,105.899999,0.45,0.2,U7.25
GND,128.6,107.5,0.45,0.2,U7.25
GND,133.1,93.1,0.45,0.2,U8.25
GND,129.8,108.3,0.45,0.2,U7.25
GND,134.299999,93.5,0.45,0.2,U8.25
GND,134.7,91.5,0.45,0.2,C13.2;U8.25
GND,136.299999,93.5,0.45,0.2,U8.25
GND,133.5,93.9,0.45,0.2,U8.25
+3V3,130.625,110.075,0.35,0.2,U7.2
SPI_MISO,120.1,109.675,0.35,0.2,U6.15
RS485_A_EXT,138.875,102.0,0.4,0.2,J1.3
RS485_A_EXT,116.975,106.25,0.4,0.2,U11.6
DAC1_SENSE,136.5,105.75,0.4,0.2,U12.1
UV_DIV,111.225,94.675,0.4,0.2,R4.1
EF_RTN,111.2,96.15,0.4,0.2,U1.17
