Comment,Designator,Footprint,LCSC Part #
100n 100V GRM21BR72A104KA35L,C1,C_0805_2012Metric,
2.2u 100V GRM32ER72A225KA35L,"C2,C7",C_1210_3225Metric,
4.7n 2kV Y2 GA343QR7GF472KW01L,C3,C_1812_4532Metric,
22n GRM188R71H223KA01D,C4,C_0603_1608Metric,
10u 50V GRM32ER71H106KA12L,C5,C_1210_3225Metric,
22u 25V 품번 확인 필요 — X7R 22 µF 25 V 1206,"C6,C10",C_1206_3216Metric,
100n GRM188R71H104KA93D,"C8,C14,C15,C20,C21,C23,C28,C29,C30,C36,C40,C44,C46,C50,C53,C54,C56,C60",C_0603_1608Metric,
1u GRM188R71E105KA12D,"C9,C12,C26",C_0603_1608Metric,
20p C0G GRM1885C1H200JA01D,C11,C_0603_1608Metric,
10u GRM31CR71E106KA12L,"C13,C25",C_1206_3216Metric,
220n 100V 품번 확인 필요 — X7R 220 nF 100 V 0603,"C16,C17",C_0603_1608Metric,
4.7u GRM21BR71E475KA73L,C18,C_0805_2012Metric,
220p C0G 1% GRM1885C1H221FA01D,C22,C_0603_1608Metric,
22u 10V GRM31CR71A226KE15L,C24,C_1206_3216Metric,
10n C0G GRM1885C1H103JA01D,C27,C_0603_1608Metric,
1n 100V GRM188R72A102KA01D,"C41,C51",C_0603_1608Metric,
100n 50V GRM21BR71H104KA01L,"C42,C45,C52,C55",C_0805_2012Metric,
4.7u 50V GRM32ER71H475KA88L,C43,C_1210_3225Metric,
SMDJ36CA SMDJ36CA,D1,D_SMC,
TVS3301DRBR TVS3301DRBR,"D2,D30,D40",Texas_DRB0008A_PadFloat,
"BZX84C27 BZX84-C27,215",D50,SOT-23,
600R@100MHz BLM18KG601SN1D,FB1,L_0603_1608Metric,
2035-23-SM 2035-23-SM-RPLF,GDT1,GDT_Bourns_2035-xx-SM,
SM08B-GHS-TB SM08B-GHS-TB,J1,JST_GH_SM08B-GHS-TB_1x08-1MP_P1.25mm_Horizontal,
SM04B-SRSS-TB SM04B-SRSS-TB,J3,JST_SH_SM04B-SRSS-TB_1x04-1MP_P1.00mm_Horizontal,
CMC 1mH 0.8A 744222,L1,L_CommonMode_Wuerth_WE-SL2,
15uH XGL4030-153MEC,L2,L_Coilcraft_XAL4030-XXX,
MMBTA06 MMBTA06LT1G,Q1,SOT-23,
4.7R 1W pulse MMB02070C4708FB200,R1,R_MELF_MMB-0207,
1M HV 품번 확인 필요 — 1 MΩ 1206 고전압 (사용 전압 ≥ 1 kV),R2,R_1206_3216Metric,
866k 1% RC0603FR-07866KL,R3,R_0603_1608Metric,
97.6k 1% RC0603FR-0797K6L,R4,R_0603_1608Metric,
36.5k 1% RC0603FR-0736K5L,R5,R_0603_1608Metric,
80.6k 1% RC0603FR-0780K6L,R6,R_0603_1608Metric,
100k 1% RC0603FR-07100KL,"R8,R14",R_0603_1608Metric,
24.9k 1% RC0603FR-0724K9L,R9,R_0603_1608Metric,
10k RC0603FR-0710KL,"R10,R11,R33,R50,R60",R_0603_1608Metric,
100k RC0603FR-07100KL,"R12,R13,R31,R41",R_0603_1608Metric,
10k 1% RC0603FR-0710KL,R15,R_0603_1608Metric,
1k RC0603FR-071KL,"R17,R18,R20",R_0603_1608Metric,
"4.02k 0.02% 5ppm PLTT0603Z4021 (0.02 %, 5 ppm/K, 주문 접미사 확인)",R19,R_0603_1608Metric,
10R pulse CRCW251210R0FKEGHP,"R30,R40",R_2512_6332Metric,
15k 0.1% 25ppm RT0603BRD0715KL,"R32,R42",R_0603_1608Metric,
10R RC0603FR-0710RL,"R34,R44",R_0603_1608Metric,
TPS26600PWPR TPS26600PWPR,U1,HTSSOP-16-1EP_4.4x5mm_P0.65mm_EP3.4x5mm_Mask2.46x2.31mm_ThermalVias,
LMR36006BRNXR LMR36006BRNXR,U2,Texas_RNX0012A_VQFN-HR-12_2x3mm,
TPS7A2033PDBVR TPS7A2033PDBVR,U3,SOT-23-5,
STM32G0B1CCT3 STM32G0B1CCT3,U4,LQFP-48_7x7mm_P0.5mm,
PCAP04-AQFM-24 PCAP04-AQFM-24,U5,QFN-24-1EP_4x4mm_P0.5mm_EP2.6x2.6mm,
ADS1220IPWR ADS1220IPWR,U6,TSSOP-16_4.4x5mm_P0.65mm,
DAC8760IPWP DAC8760IPWPR,"U7,U8",HTSSOP-24-1EP_4.4x7.8mm_P0.65mm_EP3.2x5mm,
TPS26611DDFR TPS26611DDFR,"U9,U10",SOT-23-8,
THVD2410DR THVD2410DR,U11,SOIC-8_3.9x4.9mm_P1.27mm,
OPA197IDBVR OPA197IDBVR,"U12,U13",SOT-23-5,
SN74LVC2G32DCUR SN74LVC2G32DCUR,U14,VSSOP-8_2.3x2mm_P0.5mm,
