Designator,Mid X,Mid Y,Layer,Rotation
C1,134.570mm,-102.050mm,Bottom,270
C4,117.463mm,-104.175mm,Bottom,0
C5,117.713mm,-100.950mm,Bottom,270
C6,114.185mm,-90.788mm,Bottom,0
C7,113.463mm,-104.700mm,Bottom,0
C8,106.100mm,-99.325mm,Bottom,0
C9,106.250mm,-101.100mm,Bottom,0
C10,115.685mm,-94.538mm,Bottom,270
C11,117.750mm,-96.925mm,Bottom,270
C40,130.625mm,-101.750mm,Bottom,270
C42,118.125mm,-106.925mm,Bottom,0
C43,133.950mm,-108.713mm,Bottom,270
C44,116.625mm,-110.275mm,Bottom,0
C45,136.700mm,-109.463mm,Bottom,270
C50,135.375mm,-90.550mm,Bottom,270
C52,137.625mm,-105.475mm,Bottom,0
C54,132.375mm,-101.575mm,Bottom,270
C55,133.512mm,-91.800mm,Bottom,270
D1,139.780mm,-93.720mm,Bottom,270
D2,139.470mm,-102.050mm,Bottom,0
GDT1,131.150mm,-96.850mm,Bottom,0
L1,146.570mm,-100.000mm,Bottom,270
L2,111.750mm,-94.538mm,Bottom,0
R1,151.760mm,-95.070mm,Bottom,270
R3,109.237mm,-103.725mm,Bottom,0
R4,105.987mm,-104.425mm,Bottom,0
R5,109.237mm,-105.425mm,Bottom,0
R6,120.213mm,-99.025mm,Bottom,270
R8,117.500mm,-90.350mm,Bottom,270
R9,117.750mm,-93.600mm,Bottom,270
R31,128.988mm,-101.675mm,Bottom,270
R32,126.625mm,-101.775mm,Bottom,0
R34,119.125mm,-109.675mm,Bottom,270
R41,122.737mm,-98.975mm,Bottom,270
R42,119.125mm,-90.325mm,Bottom,270
R44,122.125mm,-101.475mm,Bottom,0
U1,111.850mm,-100.000mm,Bottom,0
U2,107.750mm,-94.750mm,Bottom,0
U7,124.000mm,-106.850mm,Bottom,0
U8,124.000mm,-93.150mm,Bottom,0
U9,129.875mm,-109.075mm,Bottom,270
U10,130.125mm,-91.875mm,Bottom,0
U12,130.125mm,-105.125mm,Bottom,0
U13,125.875mm,-99.175mm,Bottom,0
C3,106.900mm,-106.100mm,Top,0
C12,111.300mm,-92.862mm,Top,90
C13,114.088mm,-93.362mm,Top,0
C14,126.888mm,-93.750mm,Top,0
C15,129.388mm,-93.000mm,Top,90
C18,124.888mm,-90.000mm,Top,0
C20,126.888mm,-92.000mm,Top,0
C21,112.638mm,-105.250mm,Top,90
C22,120.125mm,-89.562mm,Top,0
C23,125.737mm,-109.575mm,Top,90
C24,124.125mm,-93.000mm,Top,90
C25,116.438mm,-90.500mm,Top,90
C27,124.737mm,-107.125mm,Top,0
C28,127.487mm,-106.925mm,Top,90
C29,116.875mm,-94.000mm,Top,90
C36,132.600mm,-90.350mm,Top,90
C41,135.250mm,-95.080mm,Top,0
C51,131.750mm,-93.920mm,Top,0
C60,137.225mm,-105.745mm,Top,90
D30,135.650mm,-102.080mm,Top,0
D40,135.650mm,-97.920mm,Top,0
FB1,112.050mm,-95.362mm,Top,0
J1,141.500mm,-100.000mm,Top,90
J3,118.625mm,-100.000mm,Top,270
R2,113.150mm,-90.600mm,Top,90
R17,123.987mm,-109.625mm,Top,90
R18,114.263mm,-109.625mm,Top,90
R19,112.513mm,-109.025mm,Top,90
R20,114.263mm,-106.450mm,Top,90
R30,140.250mm,-109.300mm,Top,0
R33,130.050mm,-90.588mm,Top,0
R40,140.250mm,-90.700mm,Top,0
U3,108.500mm,-94.250mm,Top,90
U4,128.300mm,-100.000mm,Top,0
U5,120.375mm,-93.250mm,Top,0
U6,119.125mm,-107.000mm,Top,0
U11,132.500mm,-108.400mm,Top,0
U14,134.850mm,-91.150mm,Top,90
