symbol,value,footprint,refs,qty,mfr,mpn,lcsc,jlc_type,rot_offset,note
C,100n 100V,C_0805_2012Metric,C1,1,Samsung,CL21B104KCFNNNE,C28233,Basic,,
C,2.2u 100V,C_1210_3225Metric,C2,1,Murata,GRM32ER72A225KA35L,C86054,Extended,,
C,4.7n 2kV,C_1812_4532Metric,C3,1,YAGEO,CC1812KKX7RDBB472,C309511,Extended,,
C,22n,C_0402_1005Metric,C4,1,Samsung,CL05B223KO5NNNC,C1532,Basic,,
C,10u 50V,C_1206_3216Metric,C5 C64 C65,3,Samsung,CL31B106KBHNNNE,C89632,Extended,,
C,22u 25V,C_1210_3225Metric,C6 C10,2,Murata,GRM32ER71E226ME15L,C424136,Extended,,
C,100n,C_0402_1005Metric,C8 C14 C15 C20 C21 C23 C28 C29 C30 C36 C40 C44 C50 C54 C60 C63,16,Samsung,CL05B104KO5NNNC,C1525,Basic,,
C,1u,C_0402_1005Metric,C9 C12 C26,3,Murata,GRM155Z71A105KE01D,C528974,Extended,,X7R 1 µF 0402 16 V는 LCSC에서 못 찾음 → 10 V (5 V 이하 넷)
C,20p C0G,C_0402_1005Metric,C11,1,Samsung,CL05C200JB5NNNC,C32950,Extended,,
C,10u,C_1206_3216Metric,C13 C25,2,Murata,GRM31CR71E106KA12L,C77093,Extended,,
C,220n 100V,C_0805_2012Metric,C16 C17,2,Samsung,CL21B224KCFSFNE,C307542,Extended,,
C,4.7u,C_0805_2012Metric,C18,1,Murata,GRM21BR71E475KA73L,C162427,Extended,,
C,330p C0G 1%,C_0603_1608Metric,C22,1,Vishay,VJ0603A331GXACW1BC,C3898227,Extended,,"±2 % (LCSC에 ±1 % 없음) — 기준 C 절대값은 교정으로 제거, C0G라 온도 안정"
C,22u 10V,C_1206_3216Metric,C24,1,Murata,GRM31CR71A226KE15L,C91604,Extended,,
C,10n C0G,C_0603_1608Metric,C27,1,Murata,GRM1885C1H103JA01D,C85973,Extended,,
C,1n 100V,C_0603_1608Metric,C41 C51,2,Murata,GRM188R72A102KA01D,C97897,Extended,,
C,100n 50V,C_0805_2012Metric,C42 C45 C52 C55,4,YAGEO,CC0805KRX7R9BB104,C49678,Basic,,
C,100n/50V,C_0603_1608Metric,C46 C56 C62,3,YAGEO,CC0603KRX7R9BB104,C14663,Basic,,
C,4.7n,C_0402_1005Metric,C47 C57,2,Samsung,CL05B472KB5NNNC,C84705,Extended,,
C,100p C0G,C_0402_1005Metric,C48 C58,2,Samsung,CL05C101JB5NNNC,C26409,Extended,,
C,2.2u 50V,C_0805_2012Metric,C61,1,Samsung,CL21B225KBFNNNE,,Extended,,LCSC 번호는 JLC 화면에서 같은 품번 선택 (검색에서 C 번호 미확인)
TVS_BI,SMDJ36CA,D_SMC,D1,1,Littelfuse,5.0SMDJ36CA,C141713,Extended,,
TVS3301,TVS3301DRBR,Texas_DRB0008A_PadFloat,D2 D30 D40 D60 D61,5,TI,TVS3301DRBR,C2864392,Extended,,"재고 적음 (검색 시 약 88개) — v0.9 수량 5개 (D2, D30, D40, D60, D61)"
SCHOTTKY,PMEG10010ELR,D_SOD-123F,D3,1,Nexperia,PMEG10010ELR-QX,C5361358,Extended,,
BAS70-04,BAS70-04,SOT-23,D41 D51,2,Nexperia,"BAS70-04,215",C389351,Extended,,
FB,600R@100MHz,L_0603_1608Metric,FB1,1,Murata,BLM18KG601SN1D,C85833,Extended,,Basic 비드 C1002는 200 mA라 쓰지 않음
GDT,2035-25-SM,GDT_Bourns_2035-xx-SM,GDT1,1,Bourns,2035-25-SM-RPLF,C3660127,Extended,,
CONN_GH8,SM08B-GHS-TB,JST_GH_SM08B-GHS-TB_1x08-1MP_P1.25mm_Horizontal,J1,1,JST,SM08B-GHS-TB(LF)(SN),C265111,Extended,,
CONN_SH4,SM04B-SRSS-TB,JST_SH_SM04B-SRSS-TB_1x04-1MP_P1.00mm_Horizontal,J3,1,JST,SM04B-SRSS-TB(LF)(SN),C160404,Extended,,
CMC,CMC 1mH 0.8A,L_CommonMode_Wuerth_WE-SL2,L1,1,Bourns,SRF0905-102Y,C2651138,Extended,,재고 적음 (약 810개). 풋프린트 대조 필요
L,15uH,L_Coilcraft_XAL4040-XXX,L2,1,Coilcraft,XGL4040-153MEC,C3911667,Extended,,
L,22uH,L_Taiyo-Yuden_NR-40xx,L3,1,(LCSC),SMNR4020-22UH,C135264,Extended,,랜드 패턴을 NR-40xx와 대조 필요
R,4.7R 1W pulse,R_2512_6332Metric,R1,1,Vishay,CRCW25124R70FKEGHP,,글로벌 소싱,,펄스 내성(HP)형은 LCSC에 없음. LCSC 일반형 CRCW25124R70FKEG C242563은 서지 에너지 확인 후에만
R,1M HV,R_1206_3216Metric,R2,1,ROHM,KTR18EZPF1004,C253347,Extended,,500 V (1 kV 1206은 LCSC에 없음)
R,866k 1%,R_0603_1608Metric,R3,1,Vishay,RCS0603866KFKEA,C3954581,Extended,,
R,97.6k 1%,R_0603_1608Metric,R4,1,Panasonic,ERA-3AEB9762V,C2074558,Extended,,"0.1 % 25 ppm (1 %형 LCSC에 없음, 더 좋음)"
R,36.5k 1%,R_0603_1608Metric,R5,1,CAL-CHIP,RM06F3652CT,C4027587,Extended,,
R,80.6k 1%,R_0603_1608Metric,R6,1,UNI-ROYAL,0603WAF8062T5E,C23249,Extended,,
R,100k 1%,R_0402_1005Metric,R8 R14,2,UNI-ROYAL,0402WGF1003TCE,C25741,Basic,,
R,24.9k 1%,R_0603_1608Metric,R9,1,UNI-ROYAL,0603WAF2492T5E,C25962,Extended,,
R,10k,R_0402_1005Metric,R10 R11 R33 R60,4,UNI-ROYAL,0402WGF1002TCE,C25744,Basic,,
R,100k,R_0402_1005Metric,R12 R13 R31 R41,4,UNI-ROYAL,0402WGF1003TCE,C25741,Basic,,
R,10k 1%,R_0402_1005Metric,R15,1,UNI-ROYAL,0402WGF1002TCE,C25744,Basic,,
R,1k,R_0402_1005Metric,R17 R18 R20,3,UNI-ROYAL,0402WGF1001TCE,C11702,Basic,,
R,4.02k 0.02% 5ppm,R_0603_1608Metric,R19,1,Vishay,PLTT0603Z4021,,글로벌 소싱,,LCSC 최선 ERA-3AEB4021V C491130 (0.1 %·25 ppm)은 Pt1000 정확도 약 5배 나빠 쓰지 않음
R,10R pulse,R_2512_6332Metric,R30 R40,2,Vishay,CRCW251210R0FKEGHP,,글로벌 소싱,,LCSC 일반형 CRCW251210R0FKEG C844885는 서지 에너지 확인 후에만
R,15k 0.1% 25ppm,R_0603_1608Metric,R32 R42,2,Panasonic,ERA-3AEB153V,C473244,Extended,,
R,10R,R_0402_1005Metric,R34 R44,2,UNI-ROYAL,0402WGF100JTCE,C25077,Basic,,
R,422k 1%,R_0402_1005Metric,R51,1,UNI-ROYAL,0402WGF4223TCE,,Extended,,LCSC 번호 미확인 — JLC 화면에서 422 kΩ 1 % 0402 선택
R,22.1k 1%,R_0402_1005Metric,R52,1,UNI-ROYAL,0402WGF2212TCE,,Extended,,LCSC 번호 미확인 — JLC 화면에서 22.1 kΩ 1 % 0402 선택
TPS2660,TPS26600PWPR,HTSSOP-16-1EP_4.4x5mm_P0.65mm_EP3.4x5mm_Mask2.46x2.31mm_ThermalVias,U1,1,TI,TPS26600PWPR,C544399,Extended,,
LMR36006,LMR36006BRNXR,Texas_RNX0012A_VQFN-HR-12_2x3mm,U2,1,TI,LMR36006BRNXR,,글로벌 소싱,,LCSC에 없음 (차량용 LMR36006FSCQRNXRQ1 C2869760은 다른 품번·재고 16개)
TPS7A2033,TPS7A2033PDBVR,SOT-23-5,U3,1,TI,TPS7A2033PDBVR,C2862740,Extended,,TECHPUBLIC 복제품 C49452001 아님
STM32G0B1CxTx,STM32G0B1CCT3,LQFP-48_7x7mm_P0.5mm,U4,1,ST,STM32G0B1CCT3,,글로벌 소싱,,LCSC엔 85 °C 등급 CCT6 C5270241만 — 몰딩 내부 온도 때문에 125 °C 등급 유지
PCAP04,PCAP04-AQFM-24,QFN-24-1EP_4x4mm_P0.5mm_EP2.6x2.6mm,U5,1,ScioSense,PCAP04-AQFM-24,C2829318,Extended,,
ADS1220,ADS1220IPWR,TSSOP-16_4.4x5mm_P0.65mm,U6,1,TI,ADS1220IPWR,C48263,Extended,,
DAC8760,DAC8760IPWP,HTSSOP-24-1EP_4.4x7.8mm_P0.65mm_EP3.2x5mm,U7 U8,2,TI,DAC8760IPWPR,C55047,Extended,,
TPS26611,TPS26611DDFR,SOT-23-8,U9 U10,2,TI,TPS26611DDFR,C3148140,Extended,,
THVD2450,THVD2410DGKR,VSSOP-8_3.0x3.0mm_P0.65mm,U11,1,TI,THVD2410DGKR,C1858306,Extended,,
OPA197,OPA197IDBVR,SOT-23-5,U12 U13,2,TI,OPA197IDBVR,C221351,Extended,,
74LVC2G32,SN74LVC2G32DCUR,VSSOP-8_2.3x2mm_P0.5mm,U14,1,TI,SN74LVC2G32DCUR,C91874,Extended,,
LMR51606,LMR51606YFDBVR,SOT-23-6,U15,1,TI,LMR51606YFDBVR,C22439294,Extended,,
