위치,값,품번,LCSC,표시재고,주문가능수량,조회시각,링크
R1,4.7R 1W 5%,RC2512JK-074R7L,C878295,2455,2370,2026-10-03T08:50:34.993623+09:00,https://jlcpcb.com/partdetail/C878295
R2,1M HV,KTR18EZPF1004,C253347,32650,32447,2026-10-03T08:48:18.902422+09:00,https://jlcpcb.com/partdetail/C253347
R3,845k 1%,RC0603FR-07845KL,C246013,2017,2013,2026-10-03T08:51:01.983620+09:00,https://jlcpcb.com/partdetail/C246013
R4,97.6k 1%,RT0603BRD0797K6L,C861608,4772,4770,2026-10-03T08:50:35.045597+09:00,https://jlcpcb.com/partdetail/C861608
R5,35.7k 1%,0603WAF3572T5E,C23027,10387,10066,2026-10-03T08:50:35.059911+09:00,https://jlcpcb.com/partdetail/C23027
R6,82k 1%,0603WAF8202T5E,C23254,1318009,1267486,2026-10-03T08:50:35.015814+09:00,https://jlcpcb.com/partdetail/C23254
R8,118k 1%,AC0402FR-07118KL,C144804,2710,2567,2026-10-03T08:48:17.812480+09:00,https://jlcpcb.com/partdetail/C144804
R9 R52,22.1k 1%,0402WGF2212TCE,C43473,105905,83482,2026-10-03T08:48:19.478683+09:00,https://jlcpcb.com/partdetail/C43473
R10 R11 R33 R60,10k,0402WGF1002TCE,C25744,21733585,17607059,2026-10-03T08:48:19.278244+09:00,https://jlcpcb.com/partdetail/C25744
R12 R13 R31 R41,100k,0402WGF1003TCE,C25741,8231182,6842322,2026-10-03T08:48:19.274835+09:00,https://jlcpcb.com/partdetail/C25741
R14,100k 1%,0402WGF1003TCE,C25741,8231182,6842322,2026-10-03T08:48:19.274835+09:00,https://jlcpcb.com/partdetail/C25741
R15,10k 1%,0402WGF1002TCE,C25744,21733585,17607059,2026-10-03T08:48:19.278244+09:00,https://jlcpcb.com/partdetail/C25744
R17 R18 R20,1k,0402WGF1001TCE,C11702,7161531,4640248,2026-10-03T08:48:18.356767+09:00,https://jlcpcb.com/partdetail/C11702
R19,4.02k 0.1% 25ppm,ERA-3AEB4021V,C491130,13889,13534,2026-10-03T08:48:20.089562+09:00,https://jlcpcb.com/partdetail/C491130
R30 R40,10R pulse,CRCW251210R0FKEG,C844885,5298,5259,2026-10-03T08:48:20.253706+09:00,https://jlcpcb.com/partdetail/C844885
R32 R42,15k 0.1% 25ppm,ERA-3AEB153V,C473244,12938,12783,2026-10-03T08:48:19.725614+09:00,https://jlcpcb.com/partdetail/C473244
R34 R44,10R,0402WGF100JTCE,C25077,1753486,1242338,2026-10-03T08:48:18.543229+09:00,https://jlcpcb.com/partdetail/C25077
R51,422k 1%,RC0402FR-07422KL,C477738,28582,28507,2026-10-03T08:48:20.008205+09:00,https://jlcpcb.com/partdetail/C477738
