Qty,References,Symbol,Value,Footprint,Verify
2,C1 C6,C,100n 100V,Capacitor_SMD:C_0805_2012Metric,
2,C2 C5,C,10u 50V,Capacitor_SMD:C_1210_3225Metric,
1,C3,C,4.7n 2kV Y2,Capacitor_SMD:C_1812_4532Metric,
1,C4,C,22n,Capacitor_SMD:C_0603_1608Metric,
1,C7,C,2.2u 100V,Capacitor_SMD:C_1210_3225Metric,
13,C8 C14 C15 C20 C21 C23 C28 C29 C40 C44 C50 C54 C60,C,100n,Capacitor_SMD:C_0603_1608Metric,
7,C9 C11 C12 C19 C24 C25 C26,C,1u,Capacitor_SMD:C_0603_1608Metric,
1,C10,C,22u 10V,Capacitor_SMD:C_0805_2012Metric,
1,C13,C,10u,Capacitor_SMD:C_0805_2012Metric,
1,C18,C,4.7u,Capacitor_SMD:C_0805_2012Metric,
1,C22,C,220p C0G 1%,Capacitor_SMD:C_0603_1608Metric,
1,C27,C,10n,Capacitor_SMD:C_0603_1608Metric,
2,C41 C51,C,1n 100V,Capacitor_SMD:C_0603_1608Metric,
2,C42 C52,C,100n 50V,Capacitor_SMD:C_0805_2012Metric,
2,C43 C53,C,4.7u 50V,Capacitor_SMD:C_1210_3225Metric,
1,D1,TVS_BI,SMDJ36CA,Diode_SMD:D_SMC,
1,D2,TVS_BI,SMBJ33CA,Diode_SMD:D_SMB,
1,D3,LED,green,LED_SMD:LED_0603_1608Metric,
2,D30 D40,TVS_BI,SMAJ33CA,Diode_SMD:D_SMA,
2,D60 D61,TVS_BI,SMAJ40CA (opt.),Diode_SMD:D_SMA,
2,FB1 FB2,FB,600R@100MHz,Inductor_SMD:L_0603_1608Metric,
1,GDT1,GDT,GDT 230V,TBD:GDT_Bourns_2038,footprint
1,J1,CONN_GH8,SM08B-GHS-TB,Connector_JST:JST_GH_SM08B-GHS-TB_1x08-1MP_P1.25mm_Horizontal,
1,J2,CONN_SWD,TC2030-IDC-NL,Connector:Tag-Connect_TC2030-IDC-NL_2x03_P1.27mm_Vertical,
1,J3,CONN_SH4,BM04B-SRSS-TB,Connector_JST:JST_SH_BM04B-SRSS-TB_1x04-1MP_P1.00mm_Vertical,
1,J5,CONN_CH,Chassis contact,TBD:Chassis_Spring_Contact,footprint
1,L1,CMC,CMC 2x1mH 0.3A,TBD:CMC_WE-SL,footprint
1,L2,L,22uH,TBD:L_4x4mm,footprint
1,R1,R,4.7R 1W pulse,Resistor_SMD:R_MELF_MMB-0207,
1,R2,R,1M,Resistor_SMD:R_0603_1608Metric,
1,R3,R,866k 1%,Resistor_SMD:R_0603_1608Metric,
1,R4,R,97.6k 1%,Resistor_SMD:R_0603_1608Metric,
1,R5,R,36.5k 1%,Resistor_SMD:R_0603_1608Metric,
1,R6,R,R_ILIM *,Resistor_SMD:R_0603_1608Metric,
8,R7 R11 R12 R13 R14 R15 R31 R41,R,10k,Resistor_SMD:R_0603_1608Metric,
1,R8,R,100k 1%,Resistor_SMD:R_0603_1608Metric,
1,R9,R,24.9k 1%,Resistor_SMD:R_0603_1608Metric,
4,R16 R17 R18 R20,R,1k,Resistor_SMD:R_0603_1608Metric,
1,R19,R,4.02k 0.01% 5ppm,Resistor_SMD:R_0603_1608Metric,
1,R22,R,0R RTN link*,Resistor_SMD:R_0603_1608Metric,
2,R30 R40,R,10R pulse,Resistor_SMD:R_2512_6332Metric,
2,R60 R61,R,2.2R (or 0R),Resistor_SMD:R_0603_1608Metric,
1,U1,TPS2660,TPS26600PWPR,Package_SO:HTSSOP-16-1EP_4.4x5mm_P0.65mm_EP3.4x5mm_Mask2.66x2.46mm_ThermalVias,pin numbers
1,U2,LMR36006,LMR36006,TBD:VQFN-HR-12_LMR36006,pin numbers
1,U3,TPS7A2033,TPS7A2033PDBVR,Package_TO_SOT_SMD:SOT-23-5,
1,U4,STM32G0B1CxTx,STM32G0B1CCT3,Package_QFP:LQFP-48_7x7mm_P0.5mm,
1,U5,PCAP04,PCAP04-AQFM-24,TBD:QFN-24_PCAP04,pin numbers
1,U6,ADS1220,ADS1220IPWR,Package_SO:TSSOP-16_4.4x5mm_P0.65mm,
2,U7 U8,DAC8760,DAC8760IPWP,TBD:HTSSOP-24_DAC8760,pin numbers
2,U9 U10,TPS26611,TPS26611,TBD:TPS26611,pin numbers
1,U11,THVD2450,THVD2450DR,Package_SO:SOIC-8_3.9x4.9mm_P1.27mm,
