참조번호,수량/대,회로 값,제조사,구매 품번,LCSC 번호,PCB 풋프린트,카탈로그 패키지,카탈로그 사양,대조 결과,메모,LCSC 링크,JLC 구분(주문시 재확인)
C1,1,100n 100V,Samsung,CL21B104KCFNNNE,C28233,C_0805_2012Metric,0805,100nF ±10% 100V Ceramic Capacitor X7R 0805,품번·카탈로그 패키지 대조,,https://www.lcsc.com/product-detail/C28233.html,Basic
C2,1,2.2u 100V,Murata,GRM32ER72A225KA35L,C86054,C_1210_3225Metric,1210,2.2uF ±10% 100V Ceramic Capacitor X7R 1210,품번·카탈로그 패키지 대조,,https://www.lcsc.com/product-detail/C86054.html,Extended
C3,1,4.7n 2kV,YAGEO,CC1812KKX7RDBB472,C309511,C_1812_4532Metric,1812,4.7nF ±10% 2kV Ceramic Capacitor X7R 1812,품번·카탈로그 패키지 대조,,https://www.lcsc.com/product-detail/C309511.html,Extended
C4,1,22n,Samsung,CL05B223KO5NNNC,C318579,C_0402_1005Metric,0402,22nF ±10% 16V Ceramic Capacitor X7R 0402,품번·카탈로그 패키지 대조,2026-10-03 LCSC 품번 대조: C1532는 FH 제품이므로 정정; JLC 등급/재고 확인 필요,https://www.lcsc.com/product-detail/C318579.html,확인 필요
C5 C64 C65,3,10u 50V,Samsung,CL31B106KBHNNNE,C89632,C_1206_3216Metric,1206,10uF ±10% 50V Ceramic Capacitor X7R 1206,품번·카탈로그 패키지 대조,,https://www.lcsc.com/product-detail/C89632.html,Extended
C6,1,22u 25V,Murata,GRM32ER71E226ME15L,C424136,C_1210_3225Metric,1210,22uF ±20% 25V Ceramic Capacitor X7R 1210,품번·카탈로그 패키지 대조,,https://www.lcsc.com/product-detail/C424136.html,Extended
C8 C14 C15 C20 C21 C23 C28 C29 C30 C36 C40 C44 C50 C54 C60 C63,16,100n,Samsung,CL05B104KO5NNNC,C1525,C_0402_1005Metric,0402,100nF ±10% 16V Ceramic Capacitor X7R 0402,품번·카탈로그 패키지 대조,,https://www.lcsc.com/product-detail/C1525.html,Basic
C12 C26,2,1u,Murata,GRM155Z71A105KE01D,C528974,C_0402_1005Metric,0402,1uF ±10% 10V Ceramic Capacitor X7R 0402,품번·카탈로그 패키지 대조,X7R 1 µF 0402 16 V는 LCSC에서 못 찾음 → 10 V (5 V 이하 넷),https://www.lcsc.com/product-detail/C528974.html,Extended
C13 C25,2,10u,Murata,GRM31CR71E106KA12L,C77093,C_1206_3216Metric,1206,10uF ±10% 25V Ceramic Capacitor X7R 1206,품번·카탈로그 패키지 대조,,https://www.lcsc.com/product-detail/C77093.html,Extended
C16,1,220n 100V,Samsung,CL21B224KCFSFNE,C307542,C_0805_2012Metric,0805,220nF ±10% 100V Ceramic Capacitor X7R 0805,품번·카탈로그 패키지 대조,,https://www.lcsc.com/product-detail/C307542.html,Extended
C18,1,4.7u,Murata,GRM21BR71E475KA73L,C162427,C_0805_2012Metric,0805,4.7uF ±10% 25V Ceramic Capacitor X7R 0805,품번·카탈로그 패키지 대조,,https://www.lcsc.com/product-detail/C162427.html,Extended
C22,1,330p C0G 2%,Vishay,VJ0603A331GXACW1BC,C3898227,C_0603_1608Metric,0603,330pF C0G ±2% 50V 0603 Ceramic Capacitors RoHS,품번·카탈로그 패키지 대조,"±2 % (LCSC에 ±1 % 없음) — 기준 C 절대값은 교정으로 제거, C0G라 온도 안정",https://www.lcsc.com/product-detail/C3898227.html,Extended
C24,1,22u 10V,Murata,GRM31CR71A226KE15L,C91604,C_1206_3216Metric,1206,22uF ±10% 10V Ceramic Capacitor X7R 1206,품번·카탈로그 패키지 대조,,https://www.lcsc.com/product-detail/C91604.html,Extended
C27,1,10n C0G,Murata,GRM1885C1H103JA01D,C85973,C_0603_1608Metric,0603,10nF ±5% 50V Ceramic Capacitor C0G 0603,품번·카탈로그 패키지 대조,,https://www.lcsc.com/product-detail/C85973.html,Extended
C41 C51,2,1n 100V,Murata,GRM188R72A102KA01D,C97897,C_0603_1608Metric,0603,1nF ±10% 100V Ceramic Capacitor X7R 0603,품번·카탈로그 패키지 대조,,https://www.lcsc.com/product-detail/C97897.html,Extended
C42 C45 C52 C55,4,100n 50V,YAGEO,CC0805KRX7R9BB104,C49678,C_0805_2012Metric,0805,100nF ±10% 50V Ceramic Capacitor X7R 0805,품번·카탈로그 패키지 대조,,https://www.lcsc.com/product-detail/C49678.html,Basic
C46 C56 C62,3,100n/50V,YAGEO,CC0603KRX7R9BB104,C14663,C_0603_1608Metric,0603,100nF ±10% 50V Ceramic Capacitor X7R 0603,품번·카탈로그 패키지 대조,,https://www.lcsc.com/product-detail/C14663.html,Basic
C47 C57,2,4.7n,Samsung,CL05B472KB5NNNC,C84705,C_0402_1005Metric,0402,4.7nF ±10% 50V Ceramic Capacitor X7R 0402,품번·카탈로그 패키지 대조,,https://www.lcsc.com/product-detail/C84705.html,Extended
C48 C58,2,100p C0G,Samsung,CL05C101JB5NNNC,C26409,C_0402_1005Metric,0402,100pF ±5% 50V Ceramic Capacitor C0G 0402,품번·카탈로그 패키지 대조,,https://www.lcsc.com/product-detail/C26409.html,Extended
C61,1,2.2u 50V,YAGEO,CC0805KKX7R9BB225,C125847,C_0805_2012Metric,0805,2.2uF ±10% 50V Ceramic Capacitor X7R 0805,품번·카탈로그 패키지 대조,결정 #53: 2.2 µF 50 V X7R ±10% 0805; 최대 높이 1.45 mm; DC 바이어스 실효 용량 확인 필요,https://www.lcsc.com/product-detail/C125847.html,Extended
D1,1,SMDJ36CA,Littelfuse,5.0SMDJ36CA,C141713,D_SMC,DO-214AB,58.1VC Clamp 86.1A@10/1000us Ipp TVS DIODE DO-214AB,품번·카탈로그 패키지 대조,,https://www.lcsc.com/product-detail/C141713.html,Extended
D2 D60 D61,3,TVS3301DRBR,TI,TVS3301DRBR,C2864392,Texas_DRB0008A_PadFloat,SON-8(3x3),33V 1 SON-8(3x3) Mixed Technology RoHS,품번·카탈로그 패키지 대조,D2/D60/D61 3개 유지; 재고 확인 필요,https://www.lcsc.com/product-detail/C2864392.html,Extended
D3,1,PMEG10010ELR,Nexperia,PMEG10010ELR-QX,C5361358,D_SOD-123F,SOD-123W,Diode 100V 1A Surface Mount SOD-123W,품번·카탈로그 패키지 대조,"; SOD-123W 구매품 / SOD-123F 랜드: 기존 설계 유지, 실장 미리보기 확인.",https://www.lcsc.com/product-detail/C5361358.html,Extended
D30 D40,2,TVS1401DRBR,TI,TVS1401DRBR,C1849891,Texas_DRB0008A_PadFloat,VSON-8-EP(3x3),14V Surface Mount 2 VSON-8-EP(3x3) Surge Suppression ICs RoHS,품번·카탈로그 패키지 대조,"D30/D40; LCSC 품번 확인, JLC 등급/재고 확인 필요",https://www.lcsc.com/product-detail/C1849891.html,확인 필요
D41 D51,2,BAS70-04,Nexperia,"BAS70-04,215",C389351,SOT-23,SOT-23,Diode Array 1 Pair Series Connection 70V 70mA Surface Mount SOT-23,품번·카탈로그 패키지 대조,,https://www.lcsc.com/product-detail/C389351.html,Extended
FB1,1,600R@100MHz,Murata,BLM18KG601SN1D,C85833,L_0603_1608Metric,0603,600Ω@100MHz 1 Line Ferrite Bead 0603 1.3A 150mΩ,품번·카탈로그 패키지 대조,Basic 비드 C1002는 200 mA라 쓰지 않음,https://www.lcsc.com/product-detail/C85833.html,Extended
GDT1,1,2035-25-SM,Bourns,2035-25-SM-RPLF,C3660127,GDT_Bourns_2035-xx-SM,SMD,Gas Discharge Tube 250V 5kA ±15% 2 POLE Surface Mount,품번·카탈로그 패키지 대조,,https://www.lcsc.com/product-detail/C3660127.html,Extended
J1,1,SM08B-GHS-TB,JST,SM08B-GHS-TB(LF)(SN),C265111,JST_GH_SM08B-GHS-TB_1x08-1MP_P1.25mm_Horizontal,"SMD,P=1.25mm,Surface Mount,Right Angle","Connector Header 8 position 1.25mm Pitch 1A Surface Mount, Right Angle -25℃~+85℃",품번·카탈로그 패키지 대조,,https://www.lcsc.com/product-detail/C265111.html,Extended
J3,1,SM04B-SRSS-TB,JST,SM04B-SRSS-TB(LF)(SN),C160404,JST_SH_SM04B-SRSS-TB_1x04-1MP_P1.00mm_Horizontal,"SMD,P=1mm,Surface Mount,Right Angle","Connector Header 4 position 1mm Pitch 1A Surface Mount, Right Angle -25℃~+85℃",품번·카탈로그 패키지 대조,,https://www.lcsc.com/product-detail/C160404.html,Extended
L1,1,CMC 1mH 0.8A,Bourns,SRF0905-102Y,C2651138,L_CommonMode_Wuerth_WE-SL2,"SMD-4P,9.2x6mm",1mH@1kHz 2Line Common Mode Choke Surface Mount-4P 9.2x6mm 1.5kΩ@15MHz 800mA DCR 310mΩ,품번·카탈로그 패키지 대조,SRF0905 권장 랜드와 WE-SL2 패드 치수·핀 배정 대조 완료 (2026-10-01); 주문 시 재고 확인; 전용 권선 핀/랜드 대조는 결정 #42 이전 검토 참조.,https://www.lcsc.com/product-detail/C2651138.html,Extended
L2,1,10uH,SXN,SMNR4020-10UH,C135263,L_SXN_SMNR4020,"SMD,4x4mm","1.6A 10uH ±20% 1.6A 215mΩ Magnetic Shielded Inductor SMD,4x4mm Fixed Inductors ",품번·카탈로그 패키지 대조,SXN 원문 F=.95/G=2.1/H=3.3 mm 전용 랜드 반영; Isat 정의 확인 필요,https://www.lcsc.com/product-detail/C135263.html,Extended
L3,1,22uH,SXN,SMNR4020-22UH,C135264,L_SXN_SMNR4020,"SMD,4x4mm","1.05A 22uH ±20% 1.05A 455mΩ Magnetic Shielded Inductor SMD,4x4mm Fixed Inductors ",품번·카탈로그 패키지 대조,SXN 원문 F=.95/G=2.1/H=3.3 mm 전용 랜드 반영; Isat 정의 확인 필요,https://www.lcsc.com/product-detail/C135264.html,Extended
R1,1,4.7R 1W pulse,Vishay,CRCW25124R70FKEG,C242563,R_2512_6332Metric,2512,1W 4.7Ω 500V Thick Film Resistor ±1% ±100ppm/℃ 2512 Chip Resistor - Surface Mount RoHS,품번·카탈로그 패키지 대조,결정 #38: 일반형 (HP 대신),https://www.lcsc.com/product-detail/C242563.html,Extended
R2,1,1M HV,ROHM,KTR18EZPF1004,C253347,R_1206_3216Metric,1206,250mW 1MΩ 500V Thick Film Resistor ±100ppm/℃ ±1% 1206 Chip Resistor - Surface Mount RoHS,품번·카탈로그 패키지 대조,500 V (1 kV 1206은 LCSC에 없음),https://www.lcsc.com/product-detail/C253347.html,Extended
R3,1,866k 1%,Vishay,RCS0603866KFKEA,C3954581,R_0603_1608Metric,0603,250mW 866kΩ Thick Film Resistor ±100ppm/℃ ±1% 0603 Chip Resistor - Surface Mount RoHS,품번·카탈로그 패키지 대조,,https://www.lcsc.com/product-detail/C3954581.html,Extended
R4,1,97.6k 1%,Panasonic,ERA-3AEB9762V,C2074558,R_0603_1608Metric,0603,97.6kΩ 100mW 75V Thin Film Resistor ±0.1% ±25ppm/℃ 0603 Chip Resistor - Surface Mount RoHS,품번·카탈로그 패키지 대조,"0.1 % 25 ppm (1 %형 LCSC에 없음, 더 좋음)",https://www.lcsc.com/product-detail/C2074558.html,Extended
R5,1,36.5k 1%,CAL-CHIP,RM06F3652CT,C4027587,R_0603_1608Metric,0603,100mW 36.5kΩ Thick Film Resistor ±100ppm/℃ ±1% 0603 Chip Resistor - Surface Mount RoHS,품번·카탈로그 패키지 대조,,https://www.lcsc.com/product-detail/C4027587.html,Extended
R6,1,80.6k 1%,UNI-ROYAL,0603WAF8062T5E,C23249,R_0603_1608Metric,0603,80.6kΩ ±1% 100mW 0603 Thick Film Resistor,품번·카탈로그 패키지 대조,,https://www.lcsc.com/product-detail/C23249.html,Extended
R8,1,118k 1%,YAGEO,AC0402FR-07118KL,C144804,R_0402_1005Metric,0402,62.5mW 118kΩ 50V Thick Film Resistor ±100ppm/℃ ±1% 0402 Chip Resistor - Surface Mount RoHS,품번·카탈로그 패키지 대조,,https://www.lcsc.com/product-detail/C144804.html,Extended
R9 R52,2,22.1k 1%,UNI-ROYAL,0402WGF2212TCE,C43473,R_0402_1005Metric,0402,22.1kΩ ±1% 62.5mW 0402 Thick Film Resistor,품번·카탈로그 패키지 대조,2026-10-03 LCSC/JLC 품번·22.1 kΩ ±1%·0402 대조,https://www.lcsc.com/product-detail/C43473.html,Extended
R10 R11 R33 R60,4,10k,UNI-ROYAL,0402WGF1002TCE,C25744,R_0402_1005Metric,0402,10kΩ ±1% 62.5mW 0402 Thick Film Resistor,품번·카탈로그 패키지 대조,,https://www.lcsc.com/product-detail/C25744.html,Basic
R12 R13 R31 R41,4,100k,UNI-ROYAL,0402WGF1003TCE,C25741,R_0402_1005Metric,0402,100kΩ ±1% 62.5mW 0402 Thick Film Resistor,품번·카탈로그 패키지 대조,,https://www.lcsc.com/product-detail/C25741.html,Basic
R14,1,100k 1%,UNI-ROYAL,0402WGF1003TCE,C25741,R_0402_1005Metric,0402,100kΩ ±1% 62.5mW 0402 Thick Film Resistor,품번·카탈로그 패키지 대조,,https://www.lcsc.com/product-detail/C25741.html,Basic
R15,1,10k 1%,UNI-ROYAL,0402WGF1002TCE,C25744,R_0402_1005Metric,0402,10kΩ ±1% 62.5mW 0402 Thick Film Resistor,품번·카탈로그 패키지 대조,,https://www.lcsc.com/product-detail/C25744.html,Basic
R17 R18 R20,3,1k,UNI-ROYAL,0402WGF1001TCE,C11702,R_0402_1005Metric,0402,1kΩ ±1% 62.5mW 0402 Thick Film Resistor,품번·카탈로그 패키지 대조,,https://www.lcsc.com/product-detail/C11702.html,Basic
R19,1,4.02k 0.1% 25ppm,Panasonic,ERA-3AEB4021V,C491130,R_0603_1608Metric,0603,4.02kΩ ±0.1% 100mW 0603 Thin Film Resistor AEC-Q200,품번·카탈로그 패키지 대조,결정 #38: 0.1 %·25 ppm (PLTT 0.02 %·5 ppm 대신); LCSC 표기는 ERA3AEB4021V (하이픈 차이),https://www.lcsc.com/product-detail/C491130.html,Extended
R30 R40,2,10R pulse,Vishay,CRCW251210R0FKEG,C844885,R_2512_6332Metric,2512,10Ω 1W Thick Film Resistor ±100ppm/℃ ±1% 2512 Chip Resistor - Surface Mount RoHS,품번·카탈로그 패키지 대조,결정 #38: 일반형 (HP 대신),https://www.lcsc.com/product-detail/C844885.html,Extended
R32 R42,2,15k 0.1% 25ppm,Panasonic,ERA-3AEB153V,C473244,R_0603_1608Metric,0603,15kΩ ±0.1% 100mW 0603 Thin Film Resistor AEC-Q200,품번·카탈로그 패키지 대조,; LCSC 표기는 ERA3AEB153V (하이픈 차이),https://www.lcsc.com/product-detail/C473244.html,Extended
R34 R44,2,10R,UNI-ROYAL,0402WGF100JTCE,C25077,R_0402_1005Metric,0402,10Ω ±1% 62.5mW 0402 Thick Film Resistor,품번·카탈로그 패키지 대조,,https://www.lcsc.com/product-detail/C25077.html,Basic
R51,1,422k 1%,YAGEO,RC0402FR-07422KL,C477738,R_0402_1005Metric,0402,62.5mW 422kΩ 50V Thick Film Resistor ±100ppm/℃ ±1% 0402 Chip Resistor - Surface Mount RoHS,품번·카탈로그 패키지 대조,,https://www.lcsc.com/product-detail/C477738.html,Extended
U1,1,TPS26600PWPR,TI,TPS26600PWPR,C544399,HTSSOP-16-1EP_4.4x5mm_P0.65mm_EP3.4x5mm_Mask2.46x2.31mm_ThermalVias,HTSSOP-16-EP,4.2V~60V 1 HTSSOP-16-EP Current Regulation/Management RoHS,품번·카탈로그 패키지 대조,,https://www.lcsc.com/product-detail/C544399.html,Extended
U2 U15,2,LMR51606YFDBVR,TI,LMR51606YFDBVR,C22439294,SOT-23-6,SOT-23-6,Buck Switching Regulator IC SOT-23-6,품번·카탈로그 패키지 대조,,https://www.lcsc.com/product-detail/C22439294.html,Extended
U3,1,TPS7A2033PDBVR,TI,TPS7A2033PDBVR,C2862740,SOT-23-5,SOT-23-5,Linear Voltage Regulator IC Positive Fixed 1 Output 300mA SOT-23-5,품번·카탈로그 패키지 대조,TECHPUBLIC 복제품 C49452001 아님,https://www.lcsc.com/product-detail/C2862740.html,Extended
U4,1,STM32G0B1CCT6,ST,STM32G0B1CCT6,C5270241,LQFP-48_7x7mm_P0.5mm,LQFP-48(7x7),ARM Cortex-M0+ 32 Bit 64MHz LQFP-48(7x7) Microcontrollers RoHS,품번·카탈로그 패키지 대조,샘플 단계 (결정 #39). 85 °C 등급 — 양산 전 온도 사양 확인,https://www.lcsc.com/product-detail/C5270241.html,Extended
U5,1,PCAP04-AQFM-24,ScioSense,PCAP04-AQFM-24,C2829318,QFN-24-1EP_4x4mm_P0.5mm_EP2.6x2.6mm,TQFN-24-EP(4x4),TQFN-24-EP(4x4) Analog to Digital Converters (ADC) ,품번·카탈로그 패키지 대조,"; 카탈로그 제조사 ams, 현재 BOM ScioSense. 동일 품번; 제조 라벨/로트 확인 필요.",https://www.lcsc.com/product-detail/C2829318.html,Extended
U6,1,ADS1220IPWR,TI,ADS1220IPWR,C48263,TSSOP-16_4.4x5mm_P0.65mm,TSSOP-16,SPI 2.3V~5.5V TSSOP-16 Analog to Digital Converters (ADC) RoHS,품번·카탈로그 패키지 대조,,https://www.lcsc.com/product-detail/C48263.html,Extended
U7 U8,2,DAC8760IPWP,TI,DAC8760IPWPR,C55047,HTSSOP-24-1EP_4.4x7.8mm_P0.65mm_EP3.2x5mm,HTSSOP-24-EP,10us 2.7V~5.5V SPI HTSSOP-24-EP Digital to Analog Converters (DAC) RoHS,품번·카탈로그 패키지 대조,,https://www.lcsc.com/product-detail/C55047.html,Extended
U9 U10,2,TPS26611DDFR,TI,TPS26611DDFR,C3148140,SOT-23-8,TSOT-23-8,TSOT-23-8 Current Regulation/Management RoHS,품번·카탈로그 패키지 대조,,https://www.lcsc.com/product-detail/C3148140.html,Extended
U11,1,THVD2410DGKR,TI,THVD2410DGKR,C1858306,VSSOP-8_3.0x3.0mm_P0.65mm,VSSOP-8-0.65mm,"3V~5.5V Transceiver 500Kbps 256 VSSOP-8-0.65mm Drivers, Receivers, Transceivers RoHS",품번·카탈로그 패키지 대조,,https://www.lcsc.com/product-detail/C1858306.html,Extended
U12 U13,2,OPA197IDBVR,TI,OPA197IDBVR,C221351,SOT-23-5,SOT-23-5,"65mA 1 100uV 20V/us 140dB 5pA 1mA 10MHz Rail-to-Rail Input, Rail-to-Rail Output SOT-23-5 Instrumentation, Op Amps, Buffer Amps RoHS",품번·카탈로그 패키지 대조,,https://www.lcsc.com/product-detail/C221351.html,Extended
U14,1,SN74LVC2G32DCUR,TI,SN74LVC2G32DCUR,C91874,VSSOP-8_2.3x2mm_P0.5mm,VSSOP-8,1.65V~5.5V 3.8ns@3.3V 10uA VSSOP-8 Gates and Inverters RoHS,품번·카탈로그 패키지 대조,,https://www.lcsc.com/product-detail/C91874.html,Extended
