Reference,표시,X_mm,Y_mm,Angle_deg,Width_mm,Height_mm,Stroke_mm,지시선
C1,인쇄,146.72190500000002,98.9,0,0.5,0.8,0.1,False
C12,인쇄,133.71,94.82619,90,0.5,0.8,0.1,True
C13,인쇄,138.45000000000002,94.11619,90,0.5,0.8,0.1,True
C14,인쇄,122.17649999999999,97.89,90,0.5,0.8,0.1,False
C15,인쇄,125.7235,98.415,90,0.5,0.8,0.1,False
C16,인쇄,112.52499999999999,108.6835,0,0.5,0.8,0.1,False
C18,인쇄,124.125,92.7165,0,0.5,0.8,0.1,False
C2,인쇄,121.0,102.9415,0,0.4,0.6,0.1,False
C20,인쇄,127.12349999999999,99.415,90,0.5,0.8,0.1,True
C21,인쇄,122.12349999999999,102.61,90,0.4,0.6,0.1,False
C22,인쇄,121.23349999999999,89.785,90,0.5,0.8,0.1,False
C23,인쇄,111.62380999999999,108.03499999999998,0,0.5,0.8,0.1,True
C24,인쇄,125.8835,93.92500000000001,90,0.5,0.8,0.1,False
C25,인쇄,114.4165,91.125,90,0.5,0.8,0.1,False
C26,인쇄,145.29,93.0485,0,0.5,0.8,0.1,False
C27,인쇄,129.9835,106.085,90,0.5,0.8,0.1,False
C29,인쇄,114.7065,94.285,90,0.5,0.8,0.1,False
C3,인쇄,107.45,103.47190499999999,90,0.5,0.8,0.1,False
C30,인쇄,132.559999,108.184048,90,0.4,0.6,0.1,True
C36,인쇄,141.3185,108.00999999999999,90,0.5,0.8,0.1,False
C40,인쇄,127.29,101.1265,0,0.5,0.8,0.1,True
C41,인쇄,134.866499,104.785,90,0.4,0.6,0.1,True
C42,인쇄,122.45,107.5085,0,0.5,0.8,0.1,False
C46,인쇄,135.36,110.5665,0,0.4,0.6,0.1,False
C47,인쇄,129.58999999999997,101.3265,0,0.5,0.8,0.1,False
C5,인쇄,121.840476,99.77499999999999,0,0.4,0.6,0.1,True
C51,인쇄,129.5165,93.93499999999999,90,0.5,0.8,0.1,False
C52,인쇄,125.73349999999999,93.4,90,0.4,0.6,0.1,True
C54,인쇄,127.80649899999999,89.785,90,0.5,0.8,0.1,False
C56,인쇄,124.6515,91.1,90,0.5,0.8,0.1,False
C57,인쇄,134.19,100.88095200000001,90,0.4,0.6,0.1,True
C58,인쇄,131.39000000000001,98.6335,0,0.5,0.8,0.1,False
C6,인쇄,103.22190499999999,99.55,0,0.5,0.8,0.1,False
C60,인쇄,121.2435,103.25999999999999,90,0.5,0.8,0.1,True
C61,인쇄,146.6,109.51619000000001,90,0.5,0.8,0.1,False
C62,인쇄,143.7835,109.96,90,0.5,0.8,0.1,False
C63,인쇄,145.16,109.57619,90,0.5,0.8,0.1,False
C64,인쇄,144.75,98.9165,0,0.5,0.8,0.1,False
C65,인쇄,142.9335,98.7,90,0.5,0.8,0.1,False
C8,인쇄,106.83190499999999,103.44,0,0.5,0.8,0.1,False
D1,인쇄,143.94,90.02190499999999,90,0.5,0.8,0.1,False
D2,인쇄,152.0,107.22809500000001,90,0.5,0.8,0.1,False
D3,인쇄,154.31,107.92809500000001,90,0.5,0.8,0.1,False
D30,인쇄,133.26649999999998,104.0,90,0.5,0.8,0.1,True
D40,인쇄,133.219048,96.30000000000001,0,0.4,0.6,0.1,True
D41,인쇄,138.91649999999998,106.00999999999999,90,0.4,0.6,0.1,True
D60,인쇄,114.9665,108.975,90,0.5,0.8,0.1,False
D61,인쇄,120.225,107.1585,0,0.5,0.8,0.1,False
GDT1,인쇄,117.375,96.04150000000001,0,0.4,0.6,0.1,False
J1,인쇄,144.96857099999997,99.97500000000001,0,0.5,0.8,0.1,False
J2,인쇄,108.179871,99.4647,0,0.5,0.8,0.1,False
J3,인쇄,115.08142899999999,100.0,0,0.5,0.8,0.1,False
J5,인쇄,103.64142899999999,92.61,0,0.5,0.8,0.1,False
L1,인쇄,153.21,92.01952399999999,90,0.5,0.8,0.1,False
L2,인쇄,103.32952399999999,106.66,0,0.5,0.8,0.1,False
L3,인쇄,150.6565,107.30999999999999,90,0.4,0.6,0.1,True
R1,인쇄,123.56809500000001,89.525,0,0.5,0.8,0.1,False
R10,인쇄,147.9815,109.495,90,0.5,0.8,0.1,True
R11,인쇄,137.609048,110.72,0,0.4,0.6,0.1,True
R12,인쇄,120.645,110.0185,0,0.5,0.8,0.1,False
R13,인쇄,114.7615,96.09,90,0.5,0.8,0.1,False
R15,인쇄,134.76500000000001,110.69650000000001,0,0.4,0.6,0.1,False
R17,인쇄,114.584048,110.47,0,0.4,0.6,0.1,True
R18,인쇄,122.345,101.49880999999999,90,0.5,0.8,0.1,True
R2,인쇄,110.9,94.31809500000001,90,0.5,0.8,0.1,False
R20,인쇄,112.9115,109.63999999999999,90,0.5,0.8,0.1,False
R3,인쇄,108.04440499999998,93.5,0,0.5,0.8,0.1,False
R30,인쇄,134.8665,107.38499999999999,90,0.4,0.6,0.1,True
R32,인쇄,125.71100000000001,100.4,90,0.5,0.8,0.1,True
R33,인쇄,125.67,95.38404799999999,90,0.4,0.6,0.1,True
R34,인쇄,131.395,101.2815,0,0.5,0.8,0.1,False
R4,인쇄,108.094405,94.9,0,0.5,0.8,0.1,True
R40,인쇄,127.9,93.69850000000001,0,0.5,0.8,0.1,False
R41,인쇄,134.84,102.3135,0,0.5,0.8,0.1,True
R42,인쇄,131.541548,99.95,0,0.4,0.6,0.1,False
R44,인쇄,129.57000000000002,98.66850000000001,0,0.5,0.8,0.1,False
R5,인쇄,108.22190499999999,92.0225,0,0.5,0.8,0.1,False
R6,인쇄,115.77809500000001,104.7725,0,0.5,0.8,0.1,False
R60,인쇄,114.32,107.41850000000001,0,0.5,0.8,0.1,False
R8,인쇄,115.845476,103.415,0,0.4,0.6,0.1,False
U1,인쇄,108.25,97.35999999999999,0,0.4,0.6,0.1,False
U10,인쇄,128.3,96.90650000000001,0,0.4,0.6,0.1,False
U11,인쇄,114.80000000000001,103.4015,0,0.5,0.8,0.1,False
U12,인쇄,138.7,102.3265,0,0.5,0.8,0.1,False
U14,인쇄,140.4835,109.96,90,0.5,0.8,0.1,False
U3,인쇄,144.43999999999997,90.535,0,0.5,0.8,0.1,False
U4,인쇄,122.56,99.89999999999999,0,0.5,0.8,0.1,False
U5,인쇄,122.3,96.49000000000001,90,0.5,0.8,0.1,False
U6,인쇄,123.15,104.32,90,0.5,0.8,0.1,True
U7,인쇄,122.96999999999998,108.95,0,0.5,0.8,0.1,False
U8,인쇄,139.52999999999997,89.95,0,0.5,0.8,0.1,False
U9,인쇄,133.399999,102.61,90,0.4,0.6,0.1,True
C28,공간 부족으로 미표시
C4,공간 부족으로 미표시
C44,공간 부족으로 미표시
C45,공간 부족으로 미표시
C48,공간 부족으로 미표시
C50,공간 부족으로 미표시
C55,공간 부족으로 미표시
D51,공간 부족으로 미표시
FB1,공간 부족으로 미표시
R14,공간 부족으로 미표시
R19,공간 부족으로 미표시
R31,공간 부족으로 미표시
R51,공간 부족으로 미표시
R52,공간 부족으로 미표시
R9,공간 부족으로 미표시
U13,공간 부족으로 미표시
U15,공간 부족으로 미표시
U2,공간 부족으로 미표시
